店舗名,地域,ジャンル,店舗概要,画像URL
本格イタリアン,大阪府,イタリアン,特製ソースが決め手のイタリアンは、一度食べたら忘れられない味。,https://coachtech-matter.s3-ap-northeast-1.amazonaws.com/image/italian.jpg
本格ラーメン,東京都,ラーメン,リーズナブルな価格で楽しめる、コスパ抜群のラーメン。,https://coachtech-matter.s3-ap-northeast-1.amazonaws.com/image/ramen.jpg
美味しい焼肉,大阪府,焼肉,落ち着いた雰囲気の店内で、焼肉を楽しめる人気スポット。,https://coachtech-matter.s3-ap-northeast-1.amazonaws.com/image/yakiniku.jpg
隠れ家焼肉,大阪府,焼肉,職人が丹精込めて作る焼肉は、まさに絶品の一言。,https://coachtech-matter.s3-ap-northeast-1.amazonaws.com/image/yakiniku.jpg
地元のラーメン,福岡県,ラーメン,特製ソースが決め手のラーメンは、一度食べたら忘れられない味。,https://coachtech-matter.s3-ap-northeast-1.amazonaws.com/image/ramen.jpg
隠れ家イタリアン,東京都,イタリアン,特製ソースが決め手のイタリアンは、一度食べたら忘れられない味。,https://coachtech-matter.s3-ap-northeast-1.amazonaws.com/image/italian.jpg
美味しい居酒屋,福岡県,居酒屋,おしゃれな店内で、デートや女子会に最適な居酒屋。,https://coachtech-matter.s3-ap-northeast-1.amazonaws.com/image/izakaya.jpg
美味しい寿司,福岡県,寿司,職人が丹精込めて作る寿司は、まさに絶品の一言。,https://coachtech-matter.s3-ap-northeast-1.amazonaws.com/image/sushi.jpg
美味しい焼肉,東京都,焼肉,おしゃれな店内で、デートや女子会に最適な焼肉。,https://coachtech-matter.s3-ap-northeast-1.amazonaws.com/image/yakiniku.jpg
エレガントラーメン,福岡県,ラーメン,ランチタイムも営業！手軽に本格的なラーメンを堪能できる。,https://coachtech-matter.s3-ap-northeast-1.amazonaws.com/image/ramen.jpg
話題のラーメン,東京都,ラーメン,おしゃれな店内で、デートや女子会に最適なラーメン。,https://coachtech-matter.s3-ap-northeast-1.amazonaws.com/image/ramen.jpg
新感覚ラーメン,福岡県,ラーメン,新鮮な食材を使用した絶品料理を提供するラーメン。,https://coachtech-matter.s3-ap-northeast-1.amazonaws.com/image/ramen.jpg
伝統のイタリアン,東京都,イタリアン,落ち着いた雰囲気の店内で、イタリアンを楽しめる人気スポット。,https://coachtech-matter.s3-ap-northeast-1.amazonaws.com/image/italian.jpg
美味しいイタリアン,東京都,イタリアン,駅チカでアクセス抜群！仕事帰りに寄りたくなるイタリアン。,https://coachtech-matter.s3-ap-northeast-1.amazonaws.com/image/italian.jpg
エレガントイタリアン,福岡県,イタリアン,本場の味を再現したイタリアンは、ファンに愛される一軒。,https://coachtech-matter.s3-ap-northeast-1.amazonaws.com/image/italian.jpg
新感覚イタリアン,大阪府,イタリアン,新鮮な食材を使用した絶品料理を提供するイタリアン。,https://coachtech-matter.s3-ap-northeast-1.amazonaws.com/image/italian.jpg
本格寿司,東京都,寿司,新鮮な食材を使用した絶品料理を提供する寿司。,https://coachtech-matter.s3-ap-northeast-1.amazonaws.com/image/sushi.jpg
カジュアルイタリアン,福岡県,イタリアン,オリジナルレシピを使ったユニークなイタリアンが自慢。,https://coachtech-matter.s3-ap-northeast-1.amazonaws.com/image/italian.jpg
地元の寿司,福岡県,寿司,おしゃれな店内で、デートや女子会に最適な寿司。,https://coachtech-matter.s3-ap-northeast-1.amazonaws.com/image/sushi.jpg
老舗寿司,福岡県,寿司,ランチタイムも営業！手軽に本格的な寿司を堪能できる。,https://coachtech-matter.s3-ap-northeast-1.amazonaws.com/image/sushi.jpg
カジュアル焼肉,福岡県,焼肉,リーズナブルな価格で楽しめる、コスパ抜群の焼肉。,https://coachtech-matter.s3-ap-northeast-1.amazonaws.com/image/yakiniku.jpg
カジュアル寿司,東京都,寿司,オリジナルレシピを使ったユニークな寿司が自慢。,https://coachtech-matter.s3-ap-northeast-1.amazonaws.com/image/sushi.jpg
老舗居酒屋,福岡県,居酒屋,本場の味を再現した居酒屋は、ファンに愛される一軒。,https://coachtech-matter.s3-ap-northeast-1.amazonaws.com/image/izakaya.jpg
地元の焼肉,福岡県,焼肉,リーズナブルな価格で楽しめる、コスパ抜群の焼肉。,https://coachtech-matter.s3-ap-northeast-1.amazonaws.com/image/yakiniku.jpg
話題の居酒屋,福岡県,居酒屋,リーズナブルな価格で楽しめる、コスパ抜群の居酒屋。,https://coachtech-matter.s3-ap-northeast-1.amazonaws.com/image/izakaya.jpg
美味しい寿司,大阪府,寿司,本場の味を再現した寿司は、ファンに愛される一軒。,https://coachtech-matter.s3-ap-northeast-1.amazonaws.com/image/sushi.jpg
隠れ家イタリアン,東京都,イタリアン,駅チカでアクセス抜群！仕事帰りに寄りたくなるイタリアン。,https://coachtech-matter.s3-ap-northeast-1.amazonaws.com/image/italian.jpg
地元のラーメン,福岡県,ラーメン,駅チカでアクセス抜群！仕事帰りに寄りたくなるラーメン。,https://coachtech-matter.s3-ap-northeast-1.amazonaws.com/image/ramen.jpg
話題の焼肉,福岡県,焼肉,特製ソースが決め手の焼肉は、一度食べたら忘れられない味。,https://coachtech-matter.s3-ap-northeast-1.amazonaws.com/image/yakiniku.jpg
話題のイタリアン,大阪府,イタリアン,新鮮な食材を使用した絶品料理を提供するイタリアン。,https://coachtech-matter.s3-ap-northeast-1.amazonaws.com/image/italian.jpg
地元の寿司,大阪府,寿司,本場の味を再現した寿司は、ファンに愛される一軒。,https://coachtech-matter.s3-ap-northeast-1.amazonaws.com/image/sushi.jpg
カジュアルイタリアン,東京都,イタリアン,落ち着いた雰囲気の店内で、イタリアンを楽しめる人気スポット。,https://coachtech-matter.s3-ap-northeast-1.amazonaws.com/image/italian.jpg
美味しい寿司,東京都,寿司,特製ソースが決め手の寿司は、一度食べたら忘れられない味。,https://coachtech-matter.s3-ap-northeast-1.amazonaws.com/image/sushi.jpg
新感覚居酒屋,東京都,居酒屋,特製ソースが決め手の居酒屋は、一度食べたら忘れられない味。,https://coachtech-matter.s3-ap-northeast-1.amazonaws.com/image/izakaya.jpg
美味しいイタリアン,東京都,イタリアン,本場の味を再現したイタリアンは、ファンに愛される一軒。,https://coachtech-matter.s3-ap-northeast-1.amazonaws.com/image/italian.jpg
地元のイタリアン,福岡県,イタリアン,落ち着いた雰囲気の店内で、イタリアンを楽しめる人気スポット。,https://coachtech-matter.s3-ap-northeast-1.amazonaws.com/image/italian.jpg
話題の居酒屋,大阪府,居酒屋,リーズナブルな価格で楽しめる、コスパ抜群の居酒屋。,https://coachtech-matter.s3-ap-northeast-1.amazonaws.com/image/izakaya.jpg
新感覚寿司,東京都,寿司,おしゃれな店内で、デートや女子会に最適な寿司。,https://coachtech-matter.s3-ap-northeast-1.amazonaws.com/image/sushi.jpg
エレガント寿司,福岡県,寿司,特製ソースが決め手の寿司は、一度食べたら忘れられない味。,https://coachtech-matter.s3-ap-northeast-1.amazonaws.com/image/sushi.jpg
カジュアル居酒屋,東京都,居酒屋,おしゃれな店内で、デートや女子会に最適な居酒屋。,https://coachtech-matter.s3-ap-northeast-1.amazonaws.com/image/izakaya.jpg
隠れ家ラーメン,東京都,ラーメン,リーズナブルな価格で楽しめる、コスパ抜群のラーメン。,https://coachtech-matter.s3-ap-northeast-1.amazonaws.com/image/ramen.jpg
エレガント焼肉,大阪府,焼肉,ランチタイムも営業！手軽に本格的な焼肉を堪能できる。,https://coachtech-matter.s3-ap-northeast-1.amazonaws.com/image/yakiniku.jpg
カジュアル寿司,大阪府,寿司,駅チカでアクセス抜群！仕事帰りに寄りたくなる寿司。,https://coachtech-matter.s3-ap-northeast-1.amazonaws.com/image/sushi.jpg
新感覚寿司,福岡県,寿司,ランチタイムも営業！手軽に本格的な寿司を堪能できる。,https://coachtech-matter.s3-ap-northeast-1.amazonaws.com/image/sushi.jpg
隠れ家居酒屋,大阪府,居酒屋,本場の味を再現した居酒屋は、ファンに愛される一軒。,https://coachtech-matter.s3-ap-northeast-1.amazonaws.com/image/izakaya.jpg
新感覚寿司,東京都,寿司,ランチタイムも営業！手軽に本格的な寿司を堪能できる。,https://coachtech-matter.s3-ap-northeast-1.amazonaws.com/image/sushi.jpg
老舗居酒屋,福岡県,居酒屋,職人が丹精込めて作る居酒屋は、まさに絶品の一言。,https://coachtech-matter.s3-ap-northeast-1.amazonaws.com/image/izakaya.jpg
伝統のイタリアン,大阪府,イタリアン,職人が丹精込めて作るイタリアンは、まさに絶品の一言。,https://coachtech-matter.s3-ap-northeast-1.amazonaws.com/image/italian.jpg
地元のイタリアン,福岡県,イタリアン,新鮮な食材を使用した絶品料理を提供するイタリアン。,https://coachtech-matter.s3-ap-northeast-1.amazonaws.com/image/italian.jpg
隠れ家イタリアン,大阪府,イタリアン,職人が丹精込めて作るイタリアンは、まさに絶品の一言。,https://coachtech-matter.s3-ap-northeast-1.amazonaws.com/image/italian.jpg
伝統の居酒屋,福岡県,居酒屋,おしゃれな店内で、デートや女子会に最適な居酒屋。,https://coachtech-matter.s3-ap-northeast-1.amazonaws.com/image/izakaya.jpg
地元のラーメン,福岡県,ラーメン,リーズナブルな価格で楽しめる、コスパ抜群のラーメン。,https://coachtech-matter.s3-ap-northeast-1.amazonaws.com/image/ramen.jpg
老舗イタリアン,東京都,イタリアン,落ち着いた雰囲気の店内で、イタリアンを楽しめる人気スポット。,https://coachtech-matter.s3-ap-northeast-1.amazonaws.com/image/italian.jpg
隠れ家寿司,福岡県,寿司,落ち着いた雰囲気の店内で、寿司を楽しめる人気スポット。,https://coachtech-matter.s3-ap-northeast-1.amazonaws.com/image/sushi.jpg
エレガント居酒屋,福岡県,居酒屋,おしゃれな店内で、デートや女子会に最適な居酒屋。,https://coachtech-matter.s3-ap-northeast-1.amazonaws.com/image/izakaya.jpg
隠れ家ラーメン,東京都,ラーメン,本場の味を再現したラーメンは、ファンに愛される一軒。,https://coachtech-matter.s3-ap-northeast-1.amazonaws.com/image/ramen.jpg
話題のラーメン,大阪府,ラーメン,落ち着いた雰囲気の店内で、ラーメンを楽しめる人気スポット。,https://coachtech-matter.s3-ap-northeast-1.amazonaws.com/image/ramen.jpg
エレガントラーメン,福岡県,ラーメン,新鮮な食材を使用した絶品料理を提供するラーメン。,https://coachtech-matter.s3-ap-northeast-1.amazonaws.com/image/ramen.jpg
本格焼肉,東京都,焼肉,オリジナルレシピを使ったユニークな焼肉が自慢。,https://coachtech-matter.s3-ap-northeast-1.amazonaws.com/image/yakiniku.jpg
エレガントイタリアン,大阪府,イタリアン,おしゃれな店内で、デートや女子会に最適なイタリアン。,https://coachtech-matter.s3-ap-northeast-1.amazonaws.com/image/italian.jpg
新感覚寿司,東京都,寿司,オリジナルレシピを使ったユニークな寿司が自慢。,https://coachtech-matter.s3-ap-northeast-1.amazonaws.com/image/sushi.jpg
地元の寿司,東京都,寿司,おしゃれな店内で、デートや女子会に最適な寿司。,https://coachtech-matter.s3-ap-northeast-1.amazonaws.com/image/sushi.jpg
老舗イタリアン,大阪府,イタリアン,リーズナブルな価格で楽しめる、コスパ抜群のイタリアン。,https://coachtech-matter.s3-ap-northeast-1.amazonaws.com/image/italian.jpg
カジュアル焼肉,大阪府,焼肉,オリジナルレシピを使ったユニークな焼肉が自慢。,https://coachtech-matter.s3-ap-northeast-1.amazonaws.com/image/yakiniku.jpg
本格焼肉,福岡県,焼肉,本場の味を再現した焼肉は、ファンに愛される一軒。,https://coachtech-matter.s3-ap-northeast-1.amazonaws.com/image/yakiniku.jpg
カジュアルラーメン,東京都,ラーメン,リーズナブルな価格で楽しめる、コスパ抜群のラーメン。,https://coachtech-matter.s3-ap-northeast-1.amazonaws.com/image/ramen.jpg
話題の焼肉,大阪府,焼肉,特製ソースが決め手の焼肉は、一度食べたら忘れられない味。,https://coachtech-matter.s3-ap-northeast-1.amazonaws.com/image/yakiniku.jpg
地元の焼肉,東京都,焼肉,落ち着いた雰囲気の店内で、焼肉を楽しめる人気スポット。,https://coachtech-matter.s3-ap-northeast-1.amazonaws.com/image/yakiniku.jpg
隠れ家寿司,東京都,寿司,ランチタイムも営業！手軽に本格的な寿司を堪能できる。,https://coachtech-matter.s3-ap-northeast-1.amazonaws.com/image/sushi.jpg
カジュアル居酒屋,大阪府,居酒屋,職人が丹精込めて作る居酒屋は、まさに絶品の一言。,https://coachtech-matter.s3-ap-northeast-1.amazonaws.com/image/izakaya.jpg
エレガントイタリアン,福岡県,イタリアン,リーズナブルな価格で楽しめる、コスパ抜群のイタリアン。,https://coachtech-matter.s3-ap-northeast-1.amazonaws.com/image/italian.jpg
本格イタリアン,東京都,イタリアン,ランチタイムも営業！手軽に本格的なイタリアンを堪能できる。,https://coachtech-matter.s3-ap-northeast-1.amazonaws.com/image/italian.jpg
本格ラーメン,東京都,ラーメン,オリジナルレシピを使ったユニークなラーメンが自慢。,https://coachtech-matter.s3-ap-northeast-1.amazonaws.com/image/ramen.jpg
老舗ラーメン,大阪府,ラーメン,特製ソースが決め手のラーメンは、一度食べたら忘れられない味。,https://coachtech-matter.s3-ap-northeast-1.amazonaws.com/image/ramen.jpg
老舗寿司,福岡県,寿司,職人が丹精込めて作る寿司は、まさに絶品の一言。,https://coachtech-matter.s3-ap-northeast-1.amazonaws.com/image/sushi.jpg
本格寿司,福岡県,寿司,リーズナブルな価格で楽しめる、コスパ抜群の寿司。,https://coachtech-matter.s3-ap-northeast-1.amazonaws.com/image/sushi.jpg
地元の寿司,大阪府,寿司,落ち着いた雰囲気の店内で、寿司を楽しめる人気スポット。,https://coachtech-matter.s3-ap-northeast-1.amazonaws.com/image/sushi.jpg
エレガント居酒屋,福岡県,居酒屋,オリジナルレシピを使ったユニークな居酒屋が自慢。,https://coachtech-matter.s3-ap-northeast-1.amazonaws.com/image/izakaya.jpg
話題の居酒屋,東京都,居酒屋,職人が丹精込めて作る居酒屋は、まさに絶品の一言。,https://coachtech-matter.s3-ap-northeast-1.amazonaws.com/image/izakaya.jpg
カジュアルラーメン,福岡県,ラーメン,特製ソースが決め手のラーメンは、一度食べたら忘れられない味。,https://coachtech-matter.s3-ap-northeast-1.amazonaws.com/image/ramen.jpg
本格焼肉,東京都,焼肉,オリジナルレシピを使ったユニークな焼肉が自慢。,https://coachtech-matter.s3-ap-northeast-1.amazonaws.com/image/yakiniku.jpg
本格居酒屋,福岡県,居酒屋,新鮮な食材を使用した絶品料理を提供する居酒屋。,https://coachtech-matter.s3-ap-northeast-1.amazonaws.com/image/izakaya.jpg
地元の寿司,大阪府,寿司,オリジナルレシピを使ったユニークな寿司が自慢。,https://coachtech-matter.s3-ap-northeast-1.amazonaws.com/image/sushi.jpg
伝統の寿司,福岡県,寿司,ランチタイムも営業！手軽に本格的な寿司を堪能できる。,https://coachtech-matter.s3-ap-northeast-1.amazonaws.com/image/sushi.jpg
老舗ラーメン,東京都,ラーメン,リーズナブルな価格で楽しめる、コスパ抜群のラーメン。,https://coachtech-matter.s3-ap-northeast-1.amazonaws.com/image/ramen.jpg
カジュアルラーメン,東京都,ラーメン,オリジナルレシピを使ったユニークなラーメンが自慢。,https://coachtech-matter.s3-ap-northeast-1.amazonaws.com/image/ramen.jpg
地元のイタリアン,大阪府,イタリアン,職人が丹精込めて作るイタリアンは、まさに絶品の一言。,https://coachtech-matter.s3-ap-northeast-1.amazonaws.com/image/italian.jpg
新感覚ラーメン,大阪府,ラーメン,ランチタイムも営業！手軽に本格的なラーメンを堪能できる。,https://coachtech-matter.s3-ap-northeast-1.amazonaws.com/image/ramen.jpg
新感覚寿司,東京都,寿司,リーズナブルな価格で楽しめる、コスパ抜群の寿司。,https://coachtech-matter.s3-ap-northeast-1.amazonaws.com/image/sushi.jpg
美味しい寿司,大阪府,寿司,落ち着いた雰囲気の店内で、寿司を楽しめる人気スポット。,https://coachtech-matter.s3-ap-northeast-1.amazonaws.com/image/sushi.jpg
カジュアルイタリアン,東京都,イタリアン,新鮮な食材を使用した絶品料理を提供するイタリアン。,https://coachtech-matter.s3-ap-northeast-1.amazonaws.com/image/italian.jpg
美味しいイタリアン,福岡県,イタリアン,オリジナルレシピを使ったユニークなイタリアンが自慢。,https://coachtech-matter.s3-ap-northeast-1.amazonaws.com/image/italian.jpg
本格寿司,東京都,寿司,ランチタイムも営業！手軽に本格的な寿司を堪能できる。,https://coachtech-matter.s3-ap-northeast-1.amazonaws.com/image/sushi.jpg
美味しいイタリアン,福岡県,イタリアン,新鮮な食材を使用した絶品料理を提供するイタリアン。,https://coachtech-matter.s3-ap-northeast-1.amazonaws.com/image/italian.jpg
エレガント居酒屋,福岡県,居酒屋,駅チカでアクセス抜群！仕事帰りに寄りたくなる居酒屋。,https://coachtech-matter.s3-ap-northeast-1.amazonaws.com/image/izakaya.jpg
新感覚ラーメン,東京都,ラーメン,ランチタイムも営業！手軽に本格的なラーメンを堪能できる。,https://coachtech-matter.s3-ap-northeast-1.amazonaws.com/image/ramen.jpg
カジュアル寿司,東京都,寿司,本場の味を再現した寿司は、ファンに愛される一軒。,https://coachtech-matter.s3-ap-northeast-1.amazonaws.com/image/sushi.jpg
話題の焼肉,大阪府,焼肉,特製ソースが決め手の焼肉は、一度食べたら忘れられない味。,https://coachtech-matter.s3-ap-northeast-1.amazonaws.com/image/yakiniku.jpg
エレガント焼肉,東京都,焼肉,駅チカでアクセス抜群！仕事帰りに寄りたくなる焼肉。,https://coachtech-matter.s3-ap-northeast-1.amazonaws.com/image/yakiniku.jpg
エレガント居酒屋,大阪府,居酒屋,ランチタイムも営業！手軽に本格的な居酒屋を堪能できる。,https://coachtech-matter.s3-ap-northeast-1.amazonaws.com/image/izakaya.jpg
